Fabricante,Ano,Modelo,Tipo,Raridade,Pais,Valor
Abarth,1968,Abarth 595 esseesse,Cult Classics,Common,IT,35000
Abarth,1980,Fiat 131,Classic Rally,Common,IT,250000
Abarth,2016,695 Biposto,Hot Hatch,Common,IT,250000
Abarth,2017,124 Spider,Modern Sports Cars,Common,IT,250000
Acura,2001,Integra Type R,Retro Hot Hatch,Common,US,25000
Acura,2002,RSX Type S,Retro Hot Hatch,Common,US,25000
Acura,2017,NSX,Modern Supercars,Rare,US,170000
Alfa Romeo,1965,Giulia TZ2,Classic Racers,Legendary,IT,4000000
Alfa Romeo,1965,Giulia Sprint GTA Stradale,Rare Classics,Rare,IT,300000
Alfa Romeo,1968,33 Stradale,Classic Racers,Legendary,IT,15000000
Alfa Romeo,1992,155 Q4,Retro Saloons,Common,IT,250000
Alfa Romeo,2007,8C Competizione,GT Cars,Epic,IT,300000
Alfa Romeo,2014,4C,Modern Sports Cars,Rare,IT,250000
Alfa Romeo,2017,Giulia Quadrifoglio,Super Saloons,Rare,IT,120000
Alpine,1973,A110 1600S,Classic Rally,Rare,FR,98000
Alpine,2017,A110,Modern Sports Cars,Epic,FR,67500
Alumnicraft,2015,Class 10 Race Car,Unlimited Buggies,Epic,US,300000
Alumnicraft,2021,#122 Class 1 Buggy,Unlimited Buggies,Epic,US,300000
Alumnicraft,2022,#6165 Trick Truck,Unlimited Offroad,Epic,US,500000
AMC,1970,"Rebel ""The Machine""",Classic Muscle,Rare,US,250000
AMC,1971,Javelin AMX,Classic Muscle,Rare,US,250000
AMC,1973,Gremlin X,Cult Classics,Common,US,35000
AMG Transport Dynamics,2554,M12S Warthog CST,Unlimited Offroad,Legendary,US,850000
Apollo,2018,Intensa Emozione,Extreme Track Toys,Legendary,DE,1500000
Apollo,2018,"Intensa Emozione ""Welcome Pack""",Extreme Track Toys,Common,DE,1500000
Ariel,2013,Atom 500 V8,Extreme Track Toys,Epic,GB,200000
Ariel,2016,Nomad,Unlimited Buggies,Rare,GB,93000
Ascari,2012,KZ1R,Modern Supercars,Epic,GB,250000
Aston Martin,1958,DBR1,Classic Racers,Legendary,GB,22500000
Aston Martin,1964,DB5,Rare Classics,Epic,GB,800000
Aston Martin,2008,DBS,GT Cars,Epic,GB,325000
Aston Martin,2010,One-77,Super GT,Legendary,GB,1400000
Aston Martin,2013,V12 Vantage S,Super GT,Epic,GB,240000
Aston Martin,2016,Vantage GT12,Track Toys,Epic,GB,400000
Aston Martin,2017,Vulcan AMR Pro,Extreme Track Toys,Legendary,GB,2000000
Aston Martin,2017,DB11,Super GT,Epic,GB,300000
Aston Martin,2019,Valhalla Concept Car,Hypercars,Legendary,GB,1150000
Aston Martin,2019,DBS Superleggera,Super GT,Epic,GB,350000
Aston Martin,2019,Vantage,GT Cars,Epic,GB,430000
Aston Martin,2021,DBX,Sports Utility Heroes,Rare,GB,200000
Aston Martin,2022,Valkyrie AMR Pro,Extreme Track Toys,Legendary,GB,4210000
Aston Martin,2023,Valkyrie,Hypercars,Legendary,GB,3250000
ATS,2018,GT,Modern Supercars,Epic,IT,850000
Audi,1983,Sport quattro,Retro Rally,Epic,DE,175000
Audi,1986,#2 Audi Sport quattro S1,Rally Monsters,Legendary,DE,375000
Audi,1995,Avant RS2,Retro Saloons,Common,DE,50000
Audi,2001,RS 4 Avant,Retro Saloons,Common,DE,94000
Audi,2003,RS 6,Retro Saloons,Rare,DE,105000
Audi,2006,RS 4,Super Saloons,Rare,DE,53000
Audi,2009,RS 6,Super Saloons,Epic,DE,155000
Audi,2010,TT RS Coupé,Modern Sports Cars,Rare,DE,66000
Audi,2011,RS 5 Coupé,Super Saloons,Rare,DE,88000
Audi,2011,RS 3 Sportback,Super Hot Hatch,Common,DE,42000
Audi,2013,R8 Coupé V10 Plus 5.2 FSI Quattro,Modern Supercars,Epic,DE,290000
Audi,2013,RS 7 Sportback,Super Saloons,Epic,DE,225000
Audi,2013,RS 4 Avant,Super Saloons,Rare,DE,83000
Audi,2015,RS 6 Avant,Super Saloons,Rare,DE,150000
Audi,2015,S1,Hot Hatch,Common,DE,35000
Audi,2015,TTS Coupé,Modern Sports Cars,Common,DE,52000
Audi,2016,R8 V10 plus,Modern Supercars,Epic,DE,242000
Audi,2018,RS 4 Avant,Super Saloons,Rare,DE,250000
Audi,2018,RS 5 Coupe,Super Saloons,Rare,DE,95000
Audi,2018,TT RS,Modern Sports Cars,Rare,DE,75000
Audi,2020,RS 3 Sedan,Super Saloons,Rare,DE,60000
Audi,2020,TT RS Coupe,Modern Sports Cars,Rare,DE,250000
Audi,2021,RS e-tron GT,Super Saloons,Epic,DE,250000
Audi,2021,RS 6 Avant,Super Saloons,Rare,DE,250000
Audi,2021,RS 7 Sportback,Super Saloons,Rare,DE,250000
Austin-Healey,1958,Sprite MkI,Classic Sports Cars,Common,GB,20000
Auto Union,1939,Type D,Vintage Racers,Legendary,DE,15000000
Automobili Pininfarina,2020,Battista,Hypercars,Legendary,IT,2500000
BAC,2014,Mono,Track Toys,Epic,GB,160000
Bentley,1930,8 Litre,Rare Classics,Legendary,GB,1500000
Bentley,1930,Blower 4-1/2 Litre Supercharged,Vintage Racers,Legendary,GB,4000000
Bentley,1991,Turbo R,Retro Saloons,Rare,GB,250000
Bentley,2016,Bentayga,Sports Utility Heroes,Epic,GB,180000
Bentley,2017,Continental Supersports,GT Cars,Epic,GB,200000
Bentley,2021,Continental GT Convertible,GT Cars,Rare,GB,300000
BMW,1957,Isetta 300 Export,Cult Classics,Common,DE,45000
BMW,1973,2002 Turbo,Classic Sports Cars,Legendary,DE,26000
BMW,1981,M1,Retro Supercars,Epic,DE,585000
BMW,1988,M5,Retro Saloons,Rare,DE,54000
BMW,1991,M3,Retro Saloons,Rare,DE,70000
BMW,1995,850CSi,Retro Sports Cars,Rare,DE,250000
BMW,1995,M5,Retro Saloons,Rare,DE,25000
BMW,1997,M3,Retro Saloons,Common,DE,35000
BMW,2002,M3-GTR,Track Toys,Epic,DE,180000
BMW,2002,Z3 M Coupe,Retro Sports Cars,Common,DE,30000
BMW,2003,M5,Retro Saloons,Common,DE,30000
BMW,2005,M3,Retro Saloons,Common,DE,33000
BMW,2008,Z4 M Coupe,Modern Sports Cars,Rare,DE,82000
BMW,2008,M3,Super Saloons,Common,DE,48000
BMW,2009,M5,Super Saloons,Rare,DE,90000
BMW,2010,M3 GTS,Track Toys,Epic,DE,250000
BMW,2011,X5 M Forza Edition,Extreme Track Toys,Forza Edition,DE,500000
BMW,2011,1 Series M Coupe,Super Saloons,Rare,DE,55000
BMW,2011,X5 M,Sports Utility Heroes,Common,DE,100000
BMW,2011,X5 Traffic,-,-,DE,-
BMW,2012,M5,Super Saloons,Rare,DE,112000
BMW,2013,M6 Coupe,GT Cars,Rare,DE,120000
BMW,2014,M4 Coupe,Super Saloons,Rare,DE,92000
BMW,2015,X6 M,Sports Utility Heroes,Epic,DE,130000
BMW,2015,i8,Modern Supercars,Rare,DE,140000
BMW,2016,M4 GTS,Track Toys,Epic,DE,135000
BMW,2016,M2 Coupé,Super Saloons,Common,DE,69000
BMW,2018,#1 BMW M Motorsport M8 GTE,Extreme Track Toys,Rare,DE,313000
BMW,2018,M5,Super Saloons,Rare,DE,105000
BMW,2019,Z4 Roadster,Modern Sports Cars,Common,DE,35000
BMW,2020,M8 Competition Coupe,GT Cars,Rare,DE,175000
BMW,2021,M3 Competition Sedan,Super Saloons,Epic,DE,250000
BMW,2021,M4 Competition Coupé,Super Saloons,Rare,DE,250000
BMW,2022,i4 eDrive40,Super Saloons,Rare,DE,250000
BMW,2022,iX xDrive50,Sports Utility Heroes,Rare,DE,250000
BMW,2023,M2,Super Saloons,Rare,DE,250000
Brabham,2019,BT62,Extreme Track Toys,Legendary,GB,1500000
Bugatti,1926,Type 35 C,Vintage Racers,Legendary,FR,1300000
Bugatti,1992,EB110 Super Sport,Retro Supercars,Legendary,FR,1700000
Bugatti,2011,Veyron Super Sport,Hypercars,Legendary,FR,2200000
Bugatti,2018,Chiron,Hypercars,Legendary,FR,2400000
Bugatti,2019,Divo,Extreme Track Toys,Legendary,FR,3000000
Buick,1970,GSX,Classic Muscle,Rare,US,80000
Buick,1987,Regal GNX,Retro Muscle,Rare,US,130000
Cadillac,2013,XTS Limousine,Super Saloons,Rare,US,250000
Cadillac,2015,#3 Cadillac Racing ATS-V.R,Extreme Track Toys,Rare,US,308000
Cadillac,2016,ATS-V,Modern Muscle,Common,US,65000
Cadillac,2016,CTS-V Sedan,Modern Muscle,Common,US,80000
Cadillac,2022,CT4-V Blackwing,Modern Muscle,Rare,US,250000
Cadillac,2022,CT5-V Blackwing,Modern Muscle,Rare,US,250000
Can-Am,2018,Maverick X RS Turbo R,UTVs,Common,CA,25000
Casey Currie Motorsports,2019,#4402 Ultra 4 'Trophy Jeep',Unlimited Offroad,Epic,US,500000
Caterham,2013,Superlight R500,Track Toys,Rare,GB,82000
Chevrolet,1953,Corvette Forza Edition,Classic Racers,Forza Edition,US,500000
Chevrolet,1953,Corvette,Classic Sports Cars,Legendary,US,210000
Chevrolet,1955,150 Utility Sedan,Rods & Customs,Common,US,35000
Chevrolet,1956,'Barbie Movie' Corvette EV,Rods & Customs,Epic,US,500000
Chevrolet,1957,Bel Air,Rods & Customs,Rare,US,130000
Chevrolet,1960,Corvette,Classic Sports Cars,Epic,US,210000
Chevrolet,1964,Impala Super Sport 409,Rods & Customs,Common,US,46000
Chevrolet,1966,Nova Super Sport,Classic Muscle,Common,US,250000
Chevrolet,1967,Corvette Stingray 427,Classic Muscle,Epic,US,150000
Chevrolet,1969,Camaro Super Sport Coupe,Classic Muscle,Rare,US,110000
Chevrolet,1969,Nova Super Sport 396,Classic Muscle,Common,US,47000
Chevrolet,1970,Corvette ZR-1,Classic Muscle,Epic,US,310000
Chevrolet,1970,Camaro Z28,Classic Muscle,Rare,US,53000
Chevrolet,1970,Chevelle Super Sport 454,Classic Muscle,Rare,US,80000
Chevrolet,1970,El Camino Super Sport 454,Vans & Utility,Rare,US,65000
Chevrolet,1972,K10 Custom,Pickups & 4x4s,Common,US,250000
Chevrolet,1979,Camaro Z28,Classic Muscle,Rare,US,35000
Chevrolet,1988,Monte Carlo Super Sport,Retro Muscle,Common,US,25000
Chevrolet,1995,Corvette ZR-1,Retro Muscle,Common,US,45000
Chevrolet,1996,Impala Super Sport,Retro Muscle,Common,US,20000
Chevrolet,2002,Corvette Z06,Retro Muscle,Common,US,35000
Chevrolet,2009,Corvette ZR1,Modern Muscle,Rare,US,125000
Chevrolet,2013,Summit Racing Pro Stock Camaro,Track Toys,Legendary,US,300000
Chevrolet,2015,Camaro Z/28,Track Toys,Rare,US,86000
Chevrolet,2015,Corvette Z06,Modern Muscle,Rare,US,110000
Chevrolet,2017,Camaro ZL1,Modern Muscle,Rare,US,60000
Chevrolet,2017,Colorado ZR2,Pickups & 4x4s,Common,US,46000
Chevrolet,2017,Colorado ZR2,-,-,US,-
Chevrolet,2018,Camaro ZL1 1LE,Track Toys,Rare,US,105000
Chevrolet,2018,Hot Wheels COPO Camaro,Track Toys,Rare,US,205000
Chevrolet,2019,Corvette ZR1,Track Toys,Epic,US,255000
Chevrolet,2020,#3 Corvette Racing C8.R,Extreme Track Toys,Epic,US,650000
Chevrolet,2020,Corvette Stingray Coupé,Modern Supercars,Rare,US,65000
Chevrolet,2020,Silverado LT Trail Boss,Pickups & 4x4s,Rare,US,75000
Chevrolet,2023,Corvette Z06,Track Toys,Epic,US,250000
Chevrolet,2024,Corvette E-Ray,Modern Supercars,Epic,US,250000
CUPRA,2021,Formentor VZ5,Sports Utility Heroes,Epic,ES,70000
CUPRA,2022,Tavascan Concept,Sports Utility Heroes,Epic,ES,50000
CUPRA,2022,UrbanRebel Concept,Track Toys,Epic,ES,2000000
Czinger,2024,21 C,Extreme Track Toys,Epic,US,2000000
Datsun,1970,510,Cult Classics,Common,JP,25000
DeBerti,1961,Ford Econoline 'Shop Rod',Rods & Customs,Rare,US,200000
DeBerti,2013,Wrangler Unlimited,Unlimited Offroad,Epic,US,200000
DeBerti,2018,Chevrolet Silverado 1500 Drift Truck,Drift Cars,Epic,US,300000
DeBerti,2018,F-150 Prerunner,Unlimited Offroad,Epic,US,250000
DeBerti,2018,Ford Mustang GT,Modern Muscle,Epic,US,500000
DeBerti,2019,Ford Super Duty F-250 Lariat 'Transformer',Unlimited Offroad,Epic,US,250000
DeBerti,2019,"Toyota Tacoma TRD ""The Performance Truck""",Drift Cars,Common,US,500000
DeLorean,1982,DMC-12,Retro Sports Cars,Legendary,US,15000
Dodge,1968,Dart HEMI Super Stock,Classic Muscle,Legendary,US,300000
Dodge,1969,Charger R/T Forza Edition,Track Toys,Forza Edition,US,70000
Dodge,1969,Charger Daytona HEMI,Classic Muscle,Epic,US,900000
Dodge,1969,Charger R/T,Classic Muscle,Rare,US,103000
Dodge,1970,Challenger R/T,Classic Muscle,Epic,US,210000
Dodge,1970,Coronet Super Bee,Classic Muscle,Rare,US,250000
Dodge,1999,Viper GTS ACR,Retro Muscle,Legendary,US,75000
Dodge,2008,Magnum SRT-8,Modern Muscle,Rare,US,35000
Dodge,2008,Viper SRT10 ACR,Track Toys,Rare,US,90000
Dodge,2013,SRT Viper GTS Anniversary Edition,Modern Muscle,Anniversary Edition,US,250000
Dodge,2013,SRT Viper GTS,Modern Muscle,Rare,US,95000
Dodge,2015,Challenger SRT Hellcat,Modern Muscle,Rare,US,75000
Dodge,2015,Charger SRT Hellcat,Modern Muscle,Rare,US,80000
Dodge,2016,Viper ACR,Track Toys,Epic,US,150000
Dodge,2018,Challenger SRT Demon,Modern Muscle,Rare,US,150000
Dodge,2018,Durango SRT,Sports Utility Heroes,Common,US,70000
Donkervoort,2013,D8 GTO,Track Toys,Epic,NL,250000
DS,1975,23,Cult Classics,Common,FR,250000
Eagle,2012,Speedster,Modern Sports Cars,Legendary,GB,550000
Elemental,2019,Rp1,Track Toys,Rare,GB,150000
Exomotive,2018,Exocet Off-Road Forza Edition,Rally Monsters,Forza Edition,US,500000
Exomotive,2018,Exocet Off-Road,Unlimited Buggies,Rare,US,50000
Extreme E,2022,#125 ABT Cupra XE,Unlimited Offroad,Rare,FR,700000
Extreme E,2022,#22 JBXE,Unlimited Offroad,Rare,FR,700000
Extreme E,2022,#23 Genesys Andretti United,Unlimited Offroad,Rare,FR,700000
Extreme E,2022,#42 XITE Racing Team,Unlimited Offroad,Rare,FR,700000
Extreme E,2022,#44 X44,Unlimited Offroad,Rare,FR,700000
Extreme E,2022,#5 Veloce Racing,Unlimited Offroad,Rare,FR,700000
Extreme E,2022,#55 ACCIONA | Sainz XE Team,Unlimited Offroad,Rare,FR,700000
Extreme E,2022,#58 McLaren Racing,Unlimited Offroad,Rare,FR,700000
Extreme E,2022,#6 Rosberg X Racing,Unlimited Offroad,Rare,FR,700000
Extreme E,2022,#99 Chip Ganassi Racing GMC HUMMER EV,Unlimited Offroad,Rare,FR,700000
Fast and Furious,1966,Chevrolet Impala Super Sport 'Fast X',Track Toys,Legendary,US,300000
Fast and Furious,1970,Dodge Charger 'Fast X',Classic Muscle,Legendary,US,300000
Fast and Furious,1973,Datsun 240Z 'Fast X',Classic Sports Cars,Legendary,US,300000
Fast and Furious,2022,Dodge Charger SRT Hellcat Redeye Widebody 'Fast X',Modern Muscle,Legendary,US,120000
Fast and Furious,2022,Flip Car 2.0 'Fast X',Track Toys,Legendary,US,300000
Ferrari,1957,250 California,Rare Classics,Legendary,IT,18500000
Ferrari,1957,250 Testa Rossa,Classic Racers,Legendary,IT,16400000
Ferrari,1962,250 GT Berlinetta Lusso,Rare Classics,Legendary,IT,2600000
Ferrari,1962,250 GTO,Classic Racers,Legendary,IT,50000000
Ferrari,1967,#24 Ferrari Spa 330 P4,Classic Racers,Legendary,IT,9000000
Ferrari,1968,365 GTB/4,Rare Classics,Epic,IT,600000
Ferrari,1969,Dino 246 GT,Rare Classics,Epic,IT,425000
Ferrari,1970,512 S,Classic Racers,Legendary,IT,3500000
Ferrari,1984,288 GTO,Retro Supercars,Legendary,IT,3500000
Ferrari,1987,F40,Retro Supercars,Legendary,IT,1200000
Ferrari,1989,F40 Competizione,Extreme Track Toys,Legendary,IT,2000000
Ferrari,1992,512 TR,Retro Supercars,Epic,IT,270000
Ferrari,1994,F355 Berlinetta,Retro Supercars,Epic,IT,190000
Ferrari,1995,F50,Retro Supercars,Legendary,IT,2000000
Ferrari,1996,F50 GT,Extreme Track Toys,Legendary,IT,2000000
Ferrari,2002,Enzo Ferrari,Retro Supercars,Legendary,IT,2800000
Ferrari,2002,575M Maranello,Retro Supercars,Epic,IT,250000
Ferrari,2003,360 Challenge Stradale,Retro Supercars,Epic,IT,200000
Ferrari,2005,FXX,Extreme Track Toys,Legendary,IT,2500000
Ferrari,2007,430 Scuderia,Modern Supercars,Epic,IT,300000
Ferrari,2009,458 Italia,Modern Supercars,Epic,IT,225000
Ferrari,2010,599XX,Extreme Track Toys,Legendary,IT,2000000
Ferrari,2010,599 GTO,Super GT,Epic,IT,350000
Ferrari,2012,599XX Evolution,Extreme Track Toys,Legendary,IT,2600000
Ferrari,2013,LaFerrari,Hypercars,Legendary,IT,1500000
Ferrari,2013,458 Speciale,Track Toys,Epic,IT,340000
Ferrari,2014,FXX K,Extreme Track Toys,Legendary,IT,2700000
Ferrari,2014,California T,Super GT,Epic,IT,250000
Ferrari,2015,488 GTB,Modern Supercars,Epic,IT,290000
Ferrari,2015,F12tdf,Super GT,Epic,IT,500000
Ferrari,2017,812 Superfast,Super GT,Legendary,IT,350000
Ferrari,2017,#25 Corse Clienti 488 Challenge,Track Toys,Epic,IT,400000
Ferrari,2017,GTC4Lusso,Super GT,Epic,IT,300000
Ferrari,2017,J50,Modern Supercars,Rare,IT,2500000
Ferrari,2018,FXX-K Evo,Extreme Track Toys,Legendary,IT,3000000
Ferrari,2018,Portofino,Super GT,Epic,IT,215000
Ferrari,2019,Monza SP2,Super GT,Legendary,IT,2000000
Ferrari,2019,488 Pista,Track Toys,Epic,IT,320000
Ferrari,2019,#62 Risi Competizione 488 GTE,Extreme Track Toys,Rare,IT,313000
Ferrari,2020,F8 Tributo,Modern Supercars,Legendary,IT,300000
Ferrari,2020,SF90 Stradale,Hypercars,Legendary,IT,750000
Ferrari,2020,Roma,Super GT,Epic,IT,300000
Ferrari,2022,296 GTB,Modern Supercars,Epic,IT,300000
FIAT,1969,Dino 2.4 Coupe,Classic Sports Cars,Rare,IT,250000
FIAT,1980,124 Sport Spider,Classic Sports Cars,Common,IT,25000
Ford,1932,De Luxe Five-Window Coupe Forza Edition,Unlimited Buggies,Forza Edition,US,294000
Ford,1932,De Luxe Five-Window Coupe,Rods & Customs,Common,US,35000
Ford,1940,De Luxe Coupe,Rods & Customs,Common,US,44000
Ford,1946,Super Deluxe Station Wagon,Rods & Customs,Common,US,250000
Ford,1956,F-100,Rods & Customs,Legendary,US,36000
Ford,1959,Anglia 105E,Cult Classics,Common,US,20000
Ford,1964,GT40 MkI,Classic Racers,Legendary,US,11000000
Ford,1965,Mustang GT Coupe,Classic Muscle,Rare,US,46000
Ford,1965,Transit,Vans & Utility,Common,US,25000
Ford,1966,#2 GT40 MK II,Classic Racers,Legendary,US,11000000
Ford,1966,Lotus Cortina,Classic Racers,Common,US,50000
Ford,1967,Racing Escort Mk1,Classic Rally,Legendary,US,500000
Ford,1968,Mustang GT 2+2 Fastback,Classic Muscle,Legendary,US,50000
Ford,1969,Mustang Boss 302,Classic Muscle,Rare,US,230000
Ford,1970,GT70,Classic Rally,Rare,US,150000
Ford,1971,Mustang Mach 1,Classic Muscle,Epic,US,250000
Ford,1972,Falcon XA GT-HO,Classic Muscle,Rare,US,80000
Ford,1973,Capri RS3100,Classic Sports Cars,Rare,US,55000
Ford,1973,Escort RS1600,Classic Rally,Rare,US,73000
Ford,1973,XB Falcon GT,Classic Muscle,Rare,US,250000
Ford,1975,Bronco,Pickups & 4x4s,Common,US,38000
Ford,1975,Bronco,-,-,US,-
Ford,1977,#5 Escort RS1800 MKII,Classic Rally,Epic,US,300000
Ford,1977,Escort RS1800,Classic Rally,Rare,US,88000
Ford,1981,Fiesta XR2,Retro Hot Hatch,Epic,US,25000
Ford,1985,RS200 Evolution,Rally Monsters,Rare,US,260000
Ford,1986,Escort RS Turbo,Retro Hot Hatch,Common,US,25000
Ford,1986,F-150 XLT Lariat,Pickups & 4x4s,Common,US,250000
Ford,1986,Mustang SVO,Retro Muscle,Common,US,15000
Ford,1987,Sierra Cosworth RS500,Retro Saloons,Rare,US,66000
Ford,1992,Escort RS Cosworth,Retro Rally,Rare,US,66000
Ford,1993,SVT Cobra R,Retro Muscle,Common,US,28000
Ford,1994,Supervan 3 Donut Media Edition,Track Toys,Donut Edition,US,500000
Ford,1994,Supervan 3,Track Toys,Epic,US,500000
Ford,1999,Racing Puma Forza Edition,Rally Monsters,Forza Edition,US,500000
Ford,1999,Racing Puma,Retro Rally,Rare,US,20000
Ford,2000,SVT Cobra R,Retro Muscle,Common,US,55000
Ford,2001,#4 Ford Focus RS,Rally Monsters,Rare,US,200000
Ford,2003,F-150 SVT Lightning,Vans & Utility,Common,US,20000
Ford,2003,Focus RS,Hot Hatch,Common,US,30000
Ford,2003,Mustang SVT Cobra,Retro Muscle,Common,US,250000
Ford,2005,GT,Retro Supercars,Epic,US,300000
Ford,2009,Focus RS,Super Hot Hatch,Common,US,25000
Ford,2009,Fiesta Traffic,-,-,US,-
Ford,2010,Crown Victoria Police Interceptor,Retro Muscle,Common,US,25000
Ford,2011,F-150 SVT Raptor,Pickups & 4x4s,Rare,US,42000
Ford,2011,Transit Supersportvan,Vans & Utility,Rare,US,50000
Ford,2011,Transit SuperSportVan Traffic,-,-,US,-
Ford,2013,Shelby GT500,Modern Muscle,Rare,US,115000
Ford,2014,#11 Rockstar F-150 Trophy Truck,Unlimited Offroad,Epic,US,500000
Ford,2014,Ranger T6 Rally Raid,Offroad,Epic,US,250000
Ford,2014,Fiesta ST,Hot Hatch,Common,US,25000
Ford,2014,FPV Limited Edition Pursuit Ute,Vans & Utility,Common,US,50000
Ford,2015,Falcon GT F 351,Modern Muscle,Common,US,60000
Ford,2016,GT #66 GTLM Le Mans,Extreme Track Toys,Epic,US,650000
Ford,2016,Shelby GT350R,Track Toys,Rare,US,75000
Ford,2017,GT 'OPI Edition',Modern Supercars,Legendary,US,400000
Ford,2017,#14 Rahal Letterman Lanigan Racing Fiesta,Rally Monsters,Epic,US,500000
Ford,2017,"#25 ""Brocky"" Ultra4 Bronco RTR",Unlimited Offroad,Epic,US,500000
Ford,2017,Focus RS,Super Hot Hatch,Epic,US,59000
Ford,2017,GT,Modern Supercars,Epic,US,400000
Ford,2017,M-Sport Fiesta RS,Rally Monsters,Epic,US,500000
Ford,2017,F-150 Raptor,Pickups & 4x4s,Common,US,63000
Ford,2017,F-150 Raptor,-,-,US,-
Ford,2017,Focus RS,-,-,US,-
Ford,2018,#25 Mustang RTR,Drift Cars,Epic,US,500000
Ford,2018,#88 Mustang RTR,Drift Cars,Epic,US,500000
Ford,2018,Mustang RTR Spec 5,Modern Muscle,Rare,US,105000
Ford,2018,Mustang GT,Modern Muscle,Common,US,40000
Ford,2019,Ranger Raptor,Pickups & 4x4s,Epic,US,58000
Ford,2020,#2069 Ford Performance Bronco R,Offroad,Epic,US,250000
Ford,2020,Mustang Shelby GT500,Modern Muscle,Rare,US,100000
Ford,2020,"#2069 Ford Bronco R ""Welcome Pack""",Offroad,Common,US,250000
Ford,2020,Super Duty F-450 DRW Platinum,Pickups & 4x4s,Common,US,70000
Ford,2021,Mustang Mach-E 1400,Track Toys,Legendary,US,750000
Ford,2021,Bronco,Pickups & 4x4s,Rare,US,55000
Ford,2022,Bronco Raptor,Pickups & 4x4s,Epic,US,250000
Ford,2022,Ford F-150 Lightning Platinum,Pickups & 4x4s,Epic,US,100000
Ford,2022,Supervan 4,Extreme Track Toys,Rare,US,2000000
Ford,2023,F-150 Raptor R,Pickups & 4x4s,Epic,US,250000
Ford,2024,Mustang GT,Modern Muscle,Epic,US,250000
Formula Drift,1989,#98 BMW 325i,Drift Cars,Epic,US,300000
Formula Drift,1995,#34 Toyota Supra MKIV,Drift Cars,Epic,US,300000
Formula Drift,1996,#51 Donut Media Nissan 240SX,Drift Cars,Epic,US,250000
Formula Drift,1997,#777 Nissan 240SX,Drift Cars,Epic,US,300000
Formula Drift,2006,#43 Dodge Viper SRT10,Drift Cars,Epic,US,300000
Formula Drift,2007,#117 599 GTB Fiorano,Drift Cars,Epic,US,500000
Formula Drift,2009,#99 Mazda RX-8,Drift Cars,Epic,US,300000
Formula Drift,2013,#777 Chevrolet Corvette,Drift Cars,Epic,US,300000
Formula Drift,2015,#13 Ford Mustang,Drift Cars,Epic,US,300000
Formula Drift,2016,#530 HSV Maloo Gen-F,Drift Cars,Epic,US,300000
Formula Drift,2017,#357 Chevrolet Corvette Z06,Drift Cars,Epic,US,150000
Formula Drift,2018,#64 Nissan 370Z,Drift Cars,Epic,US,300000
Formula Drift,2019,#411 Toyota Corolla Hatchback,Drift Cars,Epic,US,300000
Formula Drift,2020,#151 Toyota GR Supra,Drift Cars,Epic,US,300000
Formula Drift,2020,#91 BMW M2,Drift Cars,Epic,US,300000
Formula Drift,2023,#64 Forsberg Racing Nissan Z,Drift Cars,Epic,US,300000
Forsberg Racing,1975,"Nissan ""Gold Leader"" Datsun 280Z",Retro Sports Cars,Rare,US,100000
Forsberg Racing,2010,Toyota Gumout 2JZ Camry Stock Car,Track Toys,Rare,US,400000
Forsberg Racing,2014,Nissan 'SafariZ' 370Z Safari Rally Tribute,Rally Monsters,Epic,US,40000
Forsberg Racing,2021,Nissan 'Altimaniac',Drift Cars,Epic,US,300000
Funco Motorsports,2018,F9,Unlimited Buggies,Epic,US,500000
Ginetta,2019,G10 RM,Track Toys,Epic,GB,500000
GMC,1970,Jimmy,Pickups & 4x4s,Legendary,US,75000
GMC,1983,Vandura G-1500,Vans & Utility,Common,US,25000
GMC,1991,Syclone,Vans & Utility,Epic,US,250000
GMC,1992,Typhoon,Vans & Utility,Epic,US,250000
GMC,2022,'Barbie Movie' HUMMER EV Pickup,Pickups & 4x4s,Epic,US,250000
GMC,2022,HUMMER EV Pickup,Pickups & 4x4s,Epic,US,250000
Gordon Murray Automotive,2022,T.50,Hypercars,Legendary,GB,2840000
HDT,1985,VK Commodore Group A,Retro Muscle,Rare,AU,250000
Hennessey,2012,Venom GT,Hypercars,Legendary,US,1200000
Hennessey,2019,Camaro Exorcist,Track Toys,Legendary,US,250000
Hennessey,2019,VelociRaptor 6x6,Pickups & 4x4s,Legendary,US,350000
Hennessey,2021,Venom F5,Hypercars,Legendary,US,3000000
Holden,1973,HQ Monaro GTS 350,Classic Muscle,Common,AU,75000
Holden,1974,Sandman HQ Panel Van,Vans & Utility,Common,AU,55000
Holden,1977,Torana A9X,Classic Muscle,Rare,AU,130000
Honda,1974,Civic RS,Retro Hot Hatch,Common,JP,25000
Honda,1984,Civic CRX Mugen,Retro Hot Hatch,Epic,JP,40000
Honda,1991,CR-X SiR,Retro Hot Hatch,Common,JP,20000
Honda,1992,NSX-R,Retro Sports Cars,Epic,JP,90000
Honda,1994,Prelude Si,Retro Hot Hatch,Common,JP,20000
Honda,1997,Civic Type R,Retro Hot Hatch,Common,JP,25000
Honda,2003,S2000,Modern Sports Cars,Common,JP,25000
Honda,2004,Civic Type R,Retro Hot Hatch,Common,JP,25000
Honda,2005,NSX-R,Retro Sports Cars,Epic,JP,150000
Honda,2005,NSX-R GT,Retro Sports Cars,Epic,JP,500000
Honda,2007,Civic Type R,Hot Hatch,Common,JP,20000
Honda,2009,S2000 CR,Modern Sports Cars,Common,JP,25000
Honda,2015,Ridgeline Baja Trophy Truck,Unlimited Offroad,Epic,JP,500000
Honda,2016,Civic Coupe,Rally Monsters,Epic,JP,155000
Honda,2016,Civic Type R,Super Hot Hatch,Common,JP,38000
Honda,2018,Civic Type R,Super Hot Hatch,Rare,JP,59000
Hoonigan,1955,Chevrolet Bel Air,Rods & Customs,Rare,US,76000
Hoonigan,1965,"Ford ""Hoonicorn"" Mustang",Drift Cars,Epic,US,500000
Hoonigan,1965,Gymkhana 10 Ford Hoonicorn Mustang,Drift Cars,Epic,US,500000
Hoonigan,1972,Chevrolet Napalm Nova,Classic Muscle,Rare,US,50000
Hoonigan,1973,Volkswagen Baja Beetle Class 5/1600 'Scumbug',Buggies,Rare,US,300000
Hoonigan,1977,Gymkhana 10 Ford F-150 'Hoonitruck',Drift Cars,Epic,US,500000
Hoonigan,1978,Ford Escort RS1800,Rally Monsters,Epic,US,300000
Hoonigan,1986,Ford RS200 Evolution,Rally Monsters,Epic,US,500000
Hoonigan,1991,Gymkhana 10 Ford Escort Cosworth Group A,Rally Monsters,Epic,US,500000
Hoonigan,1991,Rauh-Welt Begriff Porsche 911 Turbo,Retro Supercars,Rare,US,160000
Hoonigan,1992,Mazda RX-7 Twerkstallion,Drift Cars,Rare,US,50000
Hoonigan,1994,"Ford Escort RS Cosworth WRC ""Cossie V2""",Rally Monsters,Epic,US,500000
Hoonigan,2016,GYMKHANA 9 Ford Focus RS RX,Rally Monsters,Legendary,US,500000
Hoonigan,2016,GYMKHANA 10 Ford Focus RS RX,Rally Monsters,Epic,US,500000
Hot Wheels,1949,Ford F-5 Dually Custom Hot Rod,Rods & Customs,Legendary,US,250000
Hot Wheels,1957,Nash Metropolitan Custom,Rods & Customs,Legendary,US,250000
Hot Wheels,1969,Twin Mill,Rods & Customs,Legendary,US,110000
Hot Wheels,1970,Pontiac Firebird Trans Am Custom,Track Toys,Legendary,US,300000
Hot Wheels,2000,Deora II,Rods & Customs,Legendary,US,500000
Hot Wheels,2005,Ford Mustang,Track Toys,Legendary,US,300000
Hot Wheels,2011,Bone Shaker,Rods & Customs,Legendary,US,150000
Hot Wheels,2012,Rip Rod,Unlimited Buggies,Legendary,US,300000
Hot Wheels,2012,Bad to the Blade,Extreme Track Toys,Epic,US,200000
Hot Wheels,2013,Baja Bone Shaker,Unlimited Offroad,Legendary,US,150000
Hot Wheels,2018,2JetZ,Rods & Customs,Legendary,US,250000
Hot Wheels,2020,Monster Trucks Bone Shaker,-,-,US,-
HSV,2014,Limited Edition Gen-F GTS Maloo,Vans & Utility,Rare,AU,62000
HSV,2014,GEN-F GTS,Modern Muscle,Common,AU,75000
HUMMER,2006,H1 Alpha,Pickups & 4x4s,Rare,US,112000
Hyundai,2019,Veloster N,Super Hot Hatch,Epic,KR,30000
Hyundai,2020,i30 N,Super Hot Hatch,Rare,KR,250000
Hyundai,2021,#98 Bryan Herta Autosport Elantra N,Track Toys,Rare,KR,250000
Hyundai,2022,IONIQ 6,Super Saloons,Rare,KR,250000
Hyundai,2022,KONA N,Sports Utility Heroes,Rare,KR,250000
Infiniti,2015,Q60 Concept,Super Saloons,Common,US,50000
International,1970,Scout 800A,Pickups & 4x4s,Common,US,40000
Italdesign,2018,Zerouno,Hypercars,Legendary,IT,2400000
Italdesign,2019,DaVinci Concept,GT Cars,Rare,IT,150000
Jaguar,1953,C-Type,Classic Racers,Legendary,GB,5000000
Jaguar,1956,D-Type,Classic Racers,Legendary,GB,22000000
Jaguar,1959,Mk II 3.8,Classic Racers,Epic,GB,80000
Jaguar,1961,E-type,Rare Classics,Epic,GB,150000
Jaguar,1964,Lightweight E-Type,Classic Racers,Legendary,GB,7500000
Jaguar,1966,XJ13,Classic Racers,Rare,GB,18000000
Jaguar,1991,Sport XJR-15,Retro Supercars,Legendary,GB,500000
Jaguar,1993,XJ220,Retro Supercars,Legendary,GB,350000
Jaguar,1993,XJ220S TWR,Retro Supercars,Rare,GB,400000
Jaguar,2010,C-X75,Modern Supercars,Legendary,GB,1500000
Jaguar,2012,XKR-S,GT Cars,Rare,GB,100000
Jaguar,2015,F-TYPE R Coupé,GT Cars,Epic,GB,110000
Jaguar,2015,XKR-S GT,Track Toys,Epic,GB,250000
Jaguar,2015,XFR-S,Super Saloons,Rare,GB,110000
Jaguar,2015,XE-S,Super Saloons,Common,GB,57000
Jaguar,2016,F-TYPE Project 7,Track Toys,Epic,GB,190000
Jaguar,2017,F-PACE S,Sports Utility Heroes,Common,GB,55000
Jaguar,2018,I-PACE,Sports Utility Heroes,Rare,GB,87000
Jaguar,2019,XE SV Project 8,Track Toys,Rare,GB,200000
Jaguar,2020,F-TYPE SVR,GT Cars,Rare,GB,250000
Jeep,1976,CJ5 Renegade,Pickups & 4x4s,Common,US,60000
Jeep,2012,Wrangler Rubicon,Pickups & 4x4s,Common,US,50000
Jeep,2012,Wrangler Rubicon,-,-,US,-
Jeep,2014,Grand Cherokee SRT,Sports Utility Heroes,Common,US,80000
Jeep,2016,Trailcat,Unlimited Offroad,Rare,US,75000
Jeep,2018,Grand Cherokee Trackhawk,Sports Utility Heroes,Common,US,73000
Jeep,2020,Gladiator Rubicon,Pickups & 4x4s,Common,US,45000
Jimco,2019,#240 Fastball Racing Spec Trophy Truck,Unlimited Offroad,Epic,US,350000
Jimco,2020,#179 Hammerhead Class 1,Unlimited Buggies,Rare,US,150000
Koenigsegg,2002,CC8S,Hypercars,Epic,SE,400000
Koenigsegg,2006,CCX,Hypercars,Legendary,SE,600000
Koenigsegg,2008,CCGT,Extreme Track Toys,Legendary,SE,1000000
Koenigsegg,2011,Agera,Hypercars,Legendary,SE,1500000
Koenigsegg,2015,One:1,Hypercars,Legendary,SE,2800000
Koenigsegg,2016,Regera,Hypercars,Legendary,SE,1900000
Koenigsegg,2017,Agera RS,Hypercars,Legendary,SE,2000000
Koenigsegg,2020,Jesko,Hypercars,Legendary,SE,2800000
KTM,2013,X-Bow R,Track Toys,Rare,AT,105000
KTM,2018,X-Bow GT4,Extreme Track Toys,Epic,AT,400000
KTM,2020,X-Bow GT2,Extreme Track Toys,Epic,AT,500000
Lamborghini,1967,Miura P400,Rare Classics,Legendary,IT,1000000
Lamborghini,1973,Espada 400 GT,Retro Supercars,Rare,IT,110000
Lamborghini,1986,LM 002,Pickups & 4x4s,Epic,IT,180000
Lamborghini,1988,Countach LP5000 QV,Retro Supercars,Epic,IT,220000
Lamborghini,1997,Diablo SV,Retro Supercars,Epic,IT,174000
Lamborghini,1999,Diablo GTR,Extreme Track Toys,Epic,IT,1000000
Lamborghini,2008,Reventón,Modern Supercars,Legendary,IT,1375000
Lamborghini,2010,Murciélago LP 670-4 SV,Modern Supercars,Epic,IT,500000
Lamborghini,2011,Sesto Elemento Forza Edition,Extreme Track Toys,Forza Edition,IT,2750000
Lamborghini,2011,Sesto Elemento,Extreme Track Toys,Legendary,IT,2500000
Lamborghini,2011,Gallardo LP 570-4 Superleggera,Modern Supercars,Epic,IT,280000
Lamborghini,2012,Aventador J,Hypercars,Epic,IT,2700000
Lamborghini,2012,Aventador LP700-4,Hypercars,Epic,IT,380000
Lamborghini,2012,Gallardo LP570-4 Spyder Performante,Modern Supercars,Epic,IT,280000
Lamborghini,2013,Veneno,Hypercars,Legendary,IT,3000000
Lamborghini,2014,Huracán LP 610-4,Modern Supercars,Epic,IT,240000
Lamborghini,2016,Centenario LP 770-4,Hypercars,Legendary,IT,2300000
Lamborghini,2016,Aventador Superveloce,Hypercars,Epic,IT,480000
Lamborghini,2018,#63 Squadra Corse Huracán Super Trofeo Evo,Extreme Track Toys,Legendary,IT,400000
Lamborghini,2018,Aventador SVJ,Hypercars,Legendary,IT,500000
Lamborghini,2018,Huracán Performante,Track Toys,Epic,IT,275000
Lamborghini,2019,Urus,Sports Utility Heroes,Rare,IT,150000
Lamborghini,2020,Essenza SCV12,Extreme Track Toys,Legendary,IT,5000000
Lamborghini,2020,Huracán STO,Track Toys,Legendary,IT,450000
Lamborghini,2020,SC20,Hypercars,Legendary,IT,2500000
Lamborghini,2020,Sián Roadster,Hypercars,Legendary,IT,3500000
Lamborghini,2020,Huracán EVO,Modern Supercars,Rare,IT,340000
Lamborghini,2023,Huracán Tecnica,Modern Supercars,Legendary,IT,250000
Lancia,1968,Fulvia Coupé Rallye 1.6 HF,Classic Rally,Rare,IT,250000
Lancia,1974,Stratos HF Stradale,Classic Rally,Rare,IT,550000
Lancia,1982,037 Stradale,Retro Rally,Rare,IT,750000
Lancia,1986,Delta S4,Retro Rally,Rare,IT,1000000
Lancia,1992,Delta HF Integrale EVO,Retro Rally,Common,IT,100000
Land Rover,1972,Series III,Pickups & 4x4s,Common,GB,20000
Land Rover,1973,Range Rover,Pickups & 4x4s,Common,GB,50000
Land Rover,1997,Defender 90,Pickups & 4x4s,Common,GB,30000
Land Rover,2015,Range Rover Sport SVR,Sports Utility Heroes,Rare,GB,133000
Land Rover,2018,Range Rover Velar First Edition,Sports Utility Heroes,Rare,GB,85000
Land Rover,2020,Defender 110 X,Sports Utility Heroes,Common,GB,80000
Lexus,1997,SC300,Retro Sports Cars,Rare,US,25000
Lexus,2010,LFA,Modern Supercars,Epic,US,500000
Lexus,2015,RC F,Super Saloons,Rare,US,75000
Lexus,2020,#14 VASSER SULLIVAN RC F GT3,Extreme Track Toys,Rare,US,295000
Lexus,2020,RC F Track Edition,Track Toys,Rare,US,100000
Lexus,2021,LC 500,GT Cars,Rare,US,250000
Lincoln,1962,Continental,Rods & Customs,Epic,US,250000
Local Motors,2014,Rally Fighter,Unlimited Offroad,Rare,US,100000
Lola,1969,#6 Penske Sunoco T70 MKIIIB,Classic Racers,Epic,GB,850000
Lotus,1971,Elan Sprint,Classic Sports Cars,Common,GB,57000
Lotus,1997,Elise GT1,Retro Supercars,Legendary,GB,1800000
Lotus,1999,Elise Series 1 Sport 190,Retro Sports Cars,Common,GB,81000
Lotus,2000,340R,Track Toys,Rare,GB,250000
Lotus,2002,Esprit V8,Retro Supercars,Rare,GB,250000
Lotus,2009,2-Eleven,Track Toys,Epic,GB,250000
Lotus,2012,Exige S,Modern Sports Cars,Rare,GB,85000
Lotus,2016,3-Eleven,Track Toys,Epic,GB,150000
Lotus,2020,Evija,Hypercars,Legendary,GB,2500000
Lotus,2023,Emira,Modern Sports Cars,Rare,GB,95000
Lucid,2023,Air Sapphire,Super Saloons,Rare,US,250000
Lynk & Co,2020,#100 Cyan Racing 03,Track Toys,Rare,CN,250000
Lynk & Co,2021,03+,Super Saloons,Rare,CN,250000
Lynk & Co,2022,02 Hatchback,Hot Hatch,Rare,CN,250000
Lynk & Co,2022,05+,Sports Utility Heroes,Rare,CN,42000
Maserati,1939,8CTF,Vintage Racers,Legendary,IT,10000000
Maserati,2008,MC12 Versione Corsa,Extreme Track Toys,Legendary,IT,2500000
Maserati,2010,Gran Turismo S Forza Edition,Track Toys,Forza Edition,IT,500000
Maserati,2010,Gran Turismo S,GT Cars,Epic,IT,156000
Maserati,2017,Levante S,Sports Utility Heroes,Common,IT,85000
Mazda,1990,Savanna RX-7,Retro Sports Cars,Epic,JP,25000
Mazda,1992,323 GT-R,Retro Rally,Common,JP,25000
Mazda,1994,MX-5 Miata,Retro Sports Cars,Common,JP,25000
Mazda,1997,RX-7,Retro Sports Cars,Common,JP,35000
Mazda,2002,RX-7 Spirit R Type-A,Retro Sports Cars,Rare,JP,30000
Mazda,2005,Mazdaspeed MX-5,Retro Sports Cars,Common,JP,25000
Mazda,2010,3 Traffic,-,-,JP,-
Mazda,2011,RX-8 R3,Modern Sports Cars,Rare,JP,27000
Mazda,2013,MX-5,Modern Sports Cars,Common,JP,26000
Mazda,2016,MX-5,Modern Sports Cars,Common,JP,35000
McLaren,1993,F1,Retro Supercars,Legendary,GB,15000000
McLaren,1997,F1 GT,Retro Supercars,Legendary,GB,15000000
McLaren,2011,12C Coupé,Modern Supercars,Epic,GB,250000
McLaren,2013,P1,Hypercars,Legendary,GB,1350000
McLaren,2014,650S Spider,Modern Supercars,Epic,GB,420000
McLaren,2015,570S Coupé,Modern Supercars,Epic,GB,224000
McLaren,2015,650S Coupé,Modern Supercars,Epic,GB,420000
McLaren,2018,Senna,Hypercars,Legendary,GB,1000000
McLaren,2018,600LT Coupé,Track Toys,Epic,GB,260000
McLaren,2018,720S Coupé,Modern Supercars,Epic,GB,340000
McLaren,2019,Speedtail,Hypercars,Legendary,GB,2250000
McLaren,2019,720S Spider,Modern Supercars,Epic,GB,340000
McLaren,2020,GT,Super GT,Common,GB,210000
McLaren,2021,620R,Track Toys,Epic,GB,400000
McLaren,2021,765LT Coupe,Track Toys,Epic,GB,400000
McLaren,2021,Sabre,Hypercars,Epic,GB,4000000
McLaren,2023,Artura,Modern Supercars,Epic,GB,285000
Mercedes-AMG,2015,GT S,Super GT,Rare,DE,250000
Mercedes-AMG,2016,C 63 S Coupé,Super Saloons,Rare,DE,90000
Mercedes-AMG,2017,GT R,Super GT,Epic,DE,295000
Mercedes-AMG,2018,E 63 S,Super Saloons,Epic,DE,135000
Mercedes-AMG,2018,GT 4-Door Coupé,Super Saloons,Epic,DE,175000
Mercedes-AMG,2018,GT3,Extreme Track Toys,Rare,DE,305000
Mercedes-AMG,2021,Mercedes-AMG ONE,Hypercars,Legendary,DE,2700000
Mercedes-AMG,2021,GT Black Series,Track Toys,Epic,DE,325000
Mercedes-AMG,2021,SL 63,Super Saloons,Rare,DE,250000
Mercedes-Benz,1929,SSK,Rare Classics,Legendary,DE,7500000
Mercedes-Benz,1939,W154,Vintage Racers,Legendary,DE,20000000
Mercedes-Benz,1954,300 SL Coupé,Rare Classics,Legendary,DE,1200000
Mercedes-Benz,1955,300 SLR,Classic Racers,Legendary,DE,143000000
Mercedes-Benz,1967,280 SL,Rare Classics,Rare,DE,250000
Mercedes-Benz,1987,AMG Hammer Wagon,Retro Saloons,Legendary,DE,200000
Mercedes-Benz,1987,AMG Hammer Coupe,Retro Saloons,Common,DE,165000
Mercedes-Benz,1990,190E 2.5-16 Evolution II,Retro Saloons,Rare,DE,150000
Mercedes-Benz,1992,500 E,Retro Saloons,Rare,DE,250000
Mercedes-Benz,1998,AMG CLK GTR Forza Edition,Retro Supercars,Forza Edition,DE,2250000
Mercedes-Benz,1998,AMG CLK GTR,Extreme Track Toys,Legendary,DE,2000000
Mercedes-Benz,2009,SL 65 AMG Black Series,Super GT,Epic,DE,300000
Mercedes-Benz,2011,SLS AMG,Super GT,Epic,DE,200000
Mercedes-Benz,2012,C 63 AMG Coupé Black Series,Super Saloons,Rare,DE,150000
Mercedes-Benz,2012,SLK 55 AMG,Modern Sports Cars,Rare,DE,78000
Mercedes-Benz,2013,A 45 AMG,Super Hot Hatch,Rare,DE,65000
Mercedes-Benz,2013,E 63 AMG,Super Saloons,Rare,DE,105000
Mercedes-Benz,2013,G 65 AMG,Pickups & 4x4s,Rare,DE,350000
Mercedes-Benz,2014,G 63 AMG 6x6,Pickups & 4x4s,Epic,DE,525000
Mercedes-Benz,2014,Unimog U5023,Trucks,Rare,DE,100000
Mercedes-Benz,2015,#24 Tankpool24 Racing Truck Forza Edition,Unlimited Offroad,Forza Edition,DE,750000
Mercedes-Benz,2015,#24 Tankpool24 Racing Truck,Trucks,Epic,DE,500000
Mercedes-Benz,2018,X-Class,Pickups & 4x4s,Common,DE,65000
Mercedes-Benz,2018,X-Class,-,-,DE,-
Mercury,1970,Cyclone Spoiler,Classic Muscle,Rare,US,35000
Meyers,1971,Manx Forza Edition,Track Toys,Forza Edition,US,500000
Meyers,1971,Manx,Cult Classics,Epic,US,35000
Meyers,2023,Manx 2.0 EV,Buggies,Epic,US,250000
MG,1986,Metro 6R4,Rally Monsters,Legendary,GB,125000
MG,1986,Metro 6R4,-,-,GB,-
MG,2005,XPower SV-R,Retro Sports Cars,Rare,GB,50000
MG,2015,MG3,Hot Hatch,Rare,GB,250000
MG,2020,#20 MG6 XPower,Track Toys,Rare,GB,250000
MG,2021,MG6 XPower,Super Saloons,Rare,GB,250000
MG,2023,Cyberster,GT Cars,Rare,GB,90000
MG,2023,MG7,Super Saloons,Rare,GB,250000
MINI,1965,Cooper S Forza Edition,Super Hot Hatch,Forza Edition,GB,500000
MINI,1965,Cooper S,Classic Rally,Rare,GB,30000
MINI,2009,John Cooper Works,Hot Hatch,Common,GB,25000
MINI,2012,John Cooper Works GP,Hot Hatch,Rare,GB,38000
MINI,2013,X-Raid All4 Racing Countryman,Offroad,Epic,GB,250000
MINI,2018,X-Raid John Cooper Works Buggy,Offroad,Epic,GB,250000
MINI,2018,John Cooper Works Countryman All4,Sports Utility Heroes,Common,GB,38500
MINI,2021,John Cooper Works GP,Super Hot Hatch,Rare,GB,42000
Mitsubishi,1988,Starion ESI-R,Retro Sports Cars,Rare,JP,20000
Mitsubishi,1992,Galant VR-4,Retro Rally,Rare,JP,250000
Mitsubishi,1992,Galant Traffic,-,-,JP,-
Mitsubishi,1995,Eclipse GSX,Retro Sports Cars,Common,JP,25000
Mitsubishi,1997,GTO,Retro Sports Cars,Common,JP,20000
Mitsubishi,1999,Lancer Evolution VI GSR,Retro Rally,Rare,JP,28000
Mitsubishi,2004,Lancer Evolution VIII MR,Modern Rally,Rare,JP,31000
Mitsubishi,2005,#1 Sierra Sierra Enterprises Lancer Evolution Time Attack,Extreme Track Toys,Legendary,JP,300000
Mitsubishi,2006,Lancer Evolution IX MR,Modern Rally,Rare,JP,27000
Mitsubishi,2008,Lancer Evolution X GSR,Modern Rally,Rare,JP,43000
Mitsubishi,2008,"Lancer Evolution X GSR ""Welcome Pack""",Modern Rally,Common,JP,43000
Morgan,2014,3 Wheeler,Cult Classics,Common,GB,50000
Morgan,2019,Aero GT,Track Toys,Rare,GB,150000
Morris,1953,Minor 1000 Forza Edition,Track Toys,Forza Edition,GB,500000
Morris,1953,Minor 1000,Cult Classics,Common,GB,20000
Morris,1953,Minor Series II Traveler,Vans & Utility,Common,GB,250000
Morris,1965,Mini-Traveller,Vans & Utility,Common,GB,250000
Mosler,2006,MT900 GT3,Extreme Track Toys,Rare,US,500000
Mosler,2010,MT900S,Extreme Track Toys,Epic,US,320000
Napier,1933,Napier-Railton,Vintage Racers,Legendary,GB,1500000
NIO,2016,EP9,Hypercars,Legendary,CN,1500000
Nissan,1969,Fairlady Z 432,Classic Sports Cars,Epic,JP,150000
Nissan,1971,Skyline 2000GT-R,Classic Sports Cars,Rare,JP,60000
Nissan,1973,Skyline H/T 2000GT-R,Classic Sports Cars,Epic,JP,170000
Nissan,1985,Safari Turbo,Pickups & 4x4s,Common,JP,250000
Nissan,1987,Skyline GTS-R (HR31),Retro Sports Cars,Common,JP,100000
Nissan,1990,Pulsar GTI-R,Retro Rally,Rare,JP,20000
Nissan,1992,Silvia CLUB K's,Retro Sports Cars,Common,JP,25000
Nissan,1993,Skyline GT-R V-Spec,Retro Sports Cars,Rare,JP,85000
Nissan,1993,240SX SE,Retro Sports Cars,Common,JP,25000
Nissan,1994,Fairlady Z Version S Twin Turbo,Retro Sports Cars,Common,JP,20000
Nissan,1994,Silvia K's,Retro Sports Cars,Common,JP,25000
Nissan,1995,Nismo GT-R LM,Retro Sports Cars,Legendary,JP,1100000
Nissan,1997,Skyline GT-R V-Spec,Retro Sports Cars,Rare,JP,37000
Nissan,1998,R390 (GT1),Retro Supercars,Legendary,JP,1250000
Nissan,1998,Silvia K's AERO,Retro Sports Cars,Common,JP,25000
Nissan,2000,Silvia Spec-R,Retro Sports Cars,Common,JP,35000
Nissan,2002,Skyline GT-R V-Spec II,Retro Sports Cars,Rare,JP,63000
Nissan,2003,Fairlady Z Forza Edition,Unlimited Offroad,Forza Edition,JP,500000
Nissan,2003,Donut Media 350Z 'Hi Car',Track Toys,Legendary,JP,250000
Nissan,2003,Fairlady Z,Retro Sports Cars,Common,JP,35000
Nissan,2004,Donut Media 350Z 'Low Car',Track Toys,Legendary,JP,250000
Nissan,2004,Pickup #23 Rally Raid,Unlimited Offroad,Epic,JP,500000
Nissan,2010,Tsuru,Retro Saloons,Legendary,JP,250000
Nissan,2010,370Z,Modern Sports Cars,Common,JP,40000
Nissan,2012,GT-R Black Edition (R35),Modern Supercars,Rare,JP,105000
Nissan,2016,TITAN Warrior Concept,Pickups & 4x4s,Common,JP,50000
Nissan,2017,GT-R (R35),Modern Supercars,Rare,JP,132000
Nissan,2018,Sentra NISMO,Super Saloons,Rare,JP,250000
Nissan,2019,370Z Nismo,Modern Sports Cars,Rare,JP,50000
Nissan,2020,GT-R Nismo (R35),Track Toys,Epic,JP,250000
Nissan,2023,Z,Modern Sports Cars,Rare,JP,250000
Noble,2006,M400,Track Toys,Rare,GB,100000
Noble,2010,M600,Modern Supercars,Epic,GB,450000
Oldsmobile,1966,Toronado,Classic Muscle,Common,US,35000
Opel,1984,Manta 400,Rally Monsters,Rare,DE,100000
Pagani,2009,Zonda Cinque Roadster,Hypercars,Legendary,IT,2100000
Pagani,2009,Zonda Cinque Roadster 'Oreo Edition',Hypercars,Legendary,IT,2100000
Pagani,2010,Zonda R,Extreme Track Toys,Legendary,IT,1800000
Pagani,2012,Huayra,Hypercars,Legendary,IT,1400000
Pagani,2016,Huayra BC Forza Edition,Extreme Track Toys,Forza Edition,IT,2700000
Pagani,2016,Huayra BC,Hypercars,Legendary,IT,2700000
Pagani,2022,Huayra R,Extreme Track Toys,Legendary,IT,3100000
Peel,1962,P50,Cult Classics,Legendary,GB,250000
Peel,1965,Trident,Cult Classics,Rare,GB,250000
Penhall,2011,The Cholla,Unlimited Buggies,Rare,US,100000
Peugeot,1984,205 Turbo 16,Retro Rally,Legendary,FR,200000
Peugeot,1984,205 T16,Retro Rally,-,FR,-
Peugeot,1991,205 Rallye,Retro Hot Hatch,Rare,FR,20000
Peugeot,2007,207 Super 2000,Rally Monsters,Rare,FR,150000
Plymouth,1958,Fury,Rods & Customs,Rare,US,250000
Plymouth,1964,Belvedere,Classic Muscle,Rare,US,250000
Plymouth,1968,Barracuda Formula-S,Classic Muscle,Rare,US,250000
Plymouth,1971,Cuda 426 HEMI,Classic Muscle,Epic,US,160000
Polaris,2015,RZR XP 1000 EPS,UTVs,Common,US,25000
Polaris,2021,RZR Pro XP Factory Racing Limited,UTVs,Rare,US,75000
Polaris,2021,RZR Pro XP Ultimate,UTVs,Rare,US,250000
Pontiac,1965,GTO,Classic Muscle,Common,US,48000
Pontiac,1968,Firebird,Classic Muscle,Epic,US,250000
Pontiac,1969,GTO Judge,Classic Muscle,Rare,US,250000
Pontiac,1973,Firebird Trans Am SD-455,Classic Muscle,Common,US,250000
Pontiac,1977,Firebird Trans Am,Classic Muscle,Rare,US,45000
Pontiac,1987,Firebird Trans Am GTA Forza Edition,Track Toys,Forza Edition,US,500000
Pontiac,1987,Firebird Trans Am GTA,Retro Muscle,Common,US,25000
Porsche,1951,#46 356 SL Gmünd Coupe,Classic Racers,Legendary,DE,1000000
Porsche,1955,550A Spyder,Classic Racers,Legendary,DE,600000
Porsche,1959,356 A 1600 Super,Rare Classics,Epic,DE,240000
Porsche,1960,356 C Cabriolet Emory Special,Classic Sports Cars,Epic,DE,400000
Porsche,1966,906 Carrera 6,Classic Racers,Legendary,DE,2000000
Porsche,1970,#3 917 LH,Classic Racers,Legendary,DE,15000000
Porsche,1970,914/6,Classic Sports Cars,Rare,DE,24000
Porsche,1971,#23 917/20,Classic Racers,Legendary,DE,15000000
Porsche,1973,911 Carrera RS,Rare Classics,Legendary,DE,350000
Porsche,1982,911 Turbo 3.3,Retro Supercars,Epic,DE,150000
Porsche,1985,#185 959 Prodrive Rally Raid,Rally Monsters,Legendary,DE,1500000
Porsche,1987,959,Retro Supercars,Legendary,DE,2000000
Porsche,1989,"#65 Rothsport Racing 911 ""Desert Flyer""",Rally Monsters,Epic,DE,500000
Porsche,1989,944 Turbo,Retro Sports Cars,Rare,DE,35000
Porsche,1990,911 Reimagined by Singer - DLS,Modern Supercars,Epic,DE,1800000
Porsche,1993,968 Turbo S,Retro Sports Cars,Rare,DE,140000
Porsche,1995,911 Carrera 2 by Gunther Werks,Modern Sports Cars,Epic,DE,575000
Porsche,1995,911 GT2,Retro Supercars,Epic,DE,550000
Porsche,1998,911 GT1 Strassenversion,Retro Supercars,Legendary,DE,2500000
Porsche,2003,Carrera GT,Retro Supercars,Epic,DE,1000000
Porsche,2004,911 GT3,Retro Supercars,Rare,DE,65000
Porsche,2010,911 Sport Classic,Modern Supercars,Epic,DE,205000
Porsche,2012,911 GT2 RS,Track Toys,Epic,DE,240000
Porsche,2012,911 GT3 RS 4.0,Track Toys,Epic,DE,250000
Porsche,2014,918 Spyder,Hypercars,Legendary,DE,850000
Porsche,2014,911 Turbo S,Modern Supercars,Rare,DE,150000
Porsche,2015,Cayman GTS,Modern Sports Cars,Rare,DE,80000
Porsche,2016,911 GT3 RS,Track Toys,Epic,DE,235000
Porsche,2016,Cayman GT4,Track Toys,Rare,DE,85000
Porsche,2017,#92 Porsche GT Team 911 RSR,Extreme Track Toys,Epic,DE,650000
Porsche,2017,Panamera Turbo,Super Saloons,Rare,DE,150000
Porsche,2018,718 Cayman GTS,Modern Sports Cars,Epic,DE,90000
Porsche,2018,911 GT2 RS,Track Toys,Epic,DE,315000
Porsche,2018,Cayenne Turbo,Sports Utility Heroes,Epic,DE,220000
Porsche,2018,Macan LPR Rally Raid,Offroad,Epic,DE,250000
Porsche,2018,911 GT3 R,Extreme Track Toys,Rare,DE,500000
Porsche,2019,911 GT3 RS Forza Edition,Rally Monsters,Forza Edition,DE,255000
Porsche,2019,#70 Porsche Motorsport 935,Extreme Track Toys,Legendary,DE,1000000
Porsche,2019,911 GT3 RS,Track Toys,Epic,DE,255000
Porsche,2019,911 Carrera S,Modern Sports Cars,Rare,DE,105000
Porsche,2019,911 Speedster,Modern Sports Cars,Rare,DE,275000
Porsche,2019,Macan Turbo,Sports Utility Heroes,Rare,DE,135000
Porsche,2020,Taycan Turbo S,Super Saloons,Common,DE,185000
Porsche,2020,"Taycan Turbo S ""Welcome Pack""",Super Saloons,Common,DE,185000
Porsche,2021,911 GT3,Track Toys,Epic,DE,250000
Porsche,2022,Mission R,Extreme Track Toys,Legendary,DE,10000000
Porsche,2022,718 Cayman GT4 RS,Track Toys,Epic,DE,150000
Radical,2015,RXC Turbo,Extreme Track Toys,Epic,GB,330000
RAESR,2019,Tachyon Speed,Hypercars,Epic,US,1050000
Ram,2017,2500 Power Wagon,Pickups & 4x4s,Common,US,47000
Reliant,1972,Supervan III,Cult Classics,Common,GB,35000
Renault,1967,8 Gordini,Classic Rally,Common,FR,65000
Renault,1968,4L Export,Cult Classics,Legendary,FR,20000
Renault,1980,5 Turbo,Retro Rally,Rare,FR,120000
Renault,1993,Clio Williams,Retro Hot Hatch,Common,FR,30000
Renault,2008,Mégane R26.R,Super Hot Hatch,Rare,FR,28000
Renault,2010,Clio R.S.,Hot Hatch,Common,FR,250000
Renault,2010,Megane RS 250,Super Hot Hatch,Common,FR,250000
Renault,2013,Clio R.S. 200 EDC,Hot Hatch,Common,FR,29000
Renault,2016,Clio R.S. 16 Concept,Super Hot Hatch,Rare,FR,250000
Renault,2018,MEGANE R.S.,Super Hot Hatch,Rare,FR,37000
Rimac,2019,Concept Two,Hypercars,Legendary,HR,2000000
Rimac,2021,Nevera,Hypercars,Legendary,HR,3000000
Rivian,2022,R1T,Pickups & 4x4s,Epic,US,250000
Rivian,2022,R1S,Sports Utility Heroes,Rare,US,250000
RJ Anderson,2016,#37 Polaris RZR-Rockstar Energy Pro 2 Truck,Unlimited Offroad,Epic,US,500000
RJ Anderson,2021,#37 Polaris RZR Pro 4 Truck,Unlimited Offroad,Epic,US,500000
Rossion,2010,Q1,Modern Supercars,Epic,US,250000
Saleen,2004,S7,Retro Supercars,Epic,US,388000
Saleen,2017,S7 LM,Extreme Track Toys,Epic,US,1000000
Saleen,2018,S1,Modern Supercars,Epic,US,200000
Saleen,2020,Sportruck XR Black Label,Pickups & 4x4s,Epic,US,150000
Schuppan,1993,962CR,Retro Supercars,Common,GB,2500000
Shelby,1965,Cobra 427 S/C,Rare Classics,Legendary,US,2100000
Shelby,1965,Cobra Daytona Coupe,Classic Racers,Legendary,US,30000000
Shelby,1967,GT 500,Classic Muscle,Epic,US,250000
SIERRA Cars,2020,#23 Yokohama ALPHA,Extreme Track Toys,Epic,US,70000
SIERRA Cars,2021,700R,UTVs,Rare,US,250000
SIERRA Cars,2021,RX3,UTVs,Rare,US,45000
Spania GTA,2016,GTA Spano,Modern Supercars,Epic,ES,800000
SUBARU,1980,BRAT GL,Vans & Utility,Common,JP,250000
SUBARU,1990,LEGACY RS,Retro Rally,Common,JP,250000
SUBARU,1998,Impreza 22B-STi Version,Retro Rally,Legendary,JP,110000
SUBARU,2004,Impreza WRX STi,Modern Rally,Common,JP,28000
SUBARU,2005,Impreza WRX STi,Modern Rally,Common,JP,51000
SUBARU,2005,Legacy Traffic,-,-,JP,-
SUBARU,2008,Impreza WRX STI,Modern Rally,Rare,JP,31000
SUBARU,2011,WRX STI,Modern Rally,Rare,JP,33000
SUBARU,2013,BRZ,Modern Sports Cars,Common,JP,32000
SUBARU,2015,WRX STI,Modern Rally,Common,JP,42000
SUBARU,2018,WRX STI ARX Supercar,Rally Monsters,Common,JP,500000
SUBARU,2019,STI S209,Modern Rally,Common,JP,70000
SUBARU,2022,BRZ,Modern Sports Cars,Epic,JP,250000
Toyota,1965,Sports 800,Classic Sports Cars,Rare,JP,250000
Toyota,1969,2000GT,Rare Classics,Epic,JP,750000
Toyota,1974,Celica GT,Classic Sports Cars,Rare,JP,20000
Toyota,1979,FJ40,Pickups & 4x4s,Common,JP,55000
Toyota,1985,Sprinter Trueno GT Apex,Retro Sports Cars,Epic,JP,20000
Toyota,1989,MR2 SC,Retro Sports Cars,Rare,JP,20000
Toyota,1992,Celica GT-Four RC ST185,Retro Rally,Rare,JP,25000
Toyota,1992,Supra 2.0 GT,Retro Sports Cars,Rare,JP,20000
Toyota,1993,#1 T100 Baja Truck,Unlimited Offroad,Legendary,JP,500000
Toyota,1994,Celica GT-Four ST205,Retro Rally,Epic,JP,20000
Toyota,1995,MR2 GT,Retro Sports Cars,Rare,JP,250000
Toyota,1998,Supra RZ,Retro Sports Cars,Rare,JP,38000
Toyota,1998,"Supra RZ ""Welcome Pack""",Retro Sports Cars,Common,JP,38000
Toyota,2003,Celica SS-I,Retro Sports Cars,Rare,JP,250000
Toyota,2007,Hilux Arctic Trucks AT38,Pickups & 4x4s,Rare,JP,250000
Toyota,2013,86,Modern Sports Cars,Rare,JP,28800
Toyota,2016,Land Cruiser Arctic Trucks AT37,Pickups & 4x4s,Rare,JP,250000
Toyota,2019,4Runner TRD Pro,Pickups & 4x4s,Rare,JP,250000
Toyota,2019,Tacoma TRD Pro,Pickups & 4x4s,Rare,JP,50000
Toyota,2020,GR Supra,Modern Sports Cars,Rare,JP,55000
Toyota,2020,Tundra TRD Pro,Pickups & 4x4s,Rare,JP,60000
Toyota,2022,GR86,Modern Sports Cars,Epic,JP,250000
TVR,1998,Cerbera Speed 12,Retro Supercars,Epic,GB,500000
TVR,2005,Sagaris,Retro Sports Cars,Rare,GB,86000
TVR,2018,Griffith,Modern Sports Cars,Rare,GB,105000
Ultima,2015,Evolution Coupe 1020,Extreme Track Toys,Epic,GB,300000
Vauxhall,1990,Lotus Carlton,Retro Saloons,Rare,GB,250000
Vauxhall,2005,Monaro VXR,Modern Muscle,Common,GB,25000
Vauxhall,2016,Corsa VXR,Hot Hatch,Common,GB,28000
Volkswagen,1963,Beetle Forza Edition,Track Toys,Forza Edition,DE,500000
Volkswagen,1963,Beetle,Cult Classics,Legendary,DE,20000
Volkswagen,1963,Type 2 De Luxe,Cult Classics,Rare,DE,40000
Volkswagen,1963,Beetle,-,-,DE,-
Volkswagen,1963,Beetle,-,-,DE,-
Volkswagen,1963,Beetle Traffic Taxi,-,-,DE,-
Volkswagen,1966,Double Cab Pick-Up,Vans & Utility,Rare,DE,250000
Volkswagen,1969,Class 5/1600 Baja Bug,Buggies,Rare,DE,60000
Volkswagen,1970,#1107 Deser Dingo Racing Stock Bug,Buggies,Rare,DE,25000
Volkswagen,1981,Scirocco S,Retro Hot Hatch,Common,DE,20000
Volkswagen,1982,Pickup LX,Vans & Utility,Epic,DE,20000
Volkswagen,1983,Golf GTI,Retro Hot Hatch,Common,DE,20000
Volkswagen,1992,Golf Gti 16v Mk2,Retro Hot Hatch,Common,DE,20000
Volkswagen,1995,Corrado VR6,Retro Hot Hatch,Common,DE,20000
Volkswagen,1998,GTI VR6 Mk3,Retro Hot Hatch,Common,DE,25000
Volkswagen,1998,GTI Traffic,-,-,DE,-
Volkswagen,2003,Golf R32,Hot Hatch,Rare,DE,20000
Volkswagen,2003,Bora Traffic,-,-,DE,-
Volkswagen,2010,Golf R,Super Hot Hatch,Rare,DE,64000
Volkswagen,2011,Scirocco R,Hot Hatch,Rare,DE,45000
Volkswagen,2012,Santana,Retro Saloons,Rare,DE,20000
Volkswagen,2014,Golf R,Super Hot Hatch,Common,DE,50000
Volkswagen,2017,#34 Andretti Beetle,Rally Monsters,Epic,DE,500000
Volkswagen,2021,ID.4,Hot Hatch,Rare,DE,250000
Volkswagen,2021,Golf R,Super Hot Hatch,Common,DE,65000
Volkswagen,2022,Golf R,Super Hot Hatch,Rare,DE,50000
Volvo,1983,242 Turbo Evolution,Classic Rally,Common,SE,45000
Volvo,1997,850 R,Retro Saloons,Common,SE,25000
Volvo,2015,V60 Polestar,Super Saloons,Common,SE,62000
VUHL,2017,05RR,Track Toys,Epic,MX,100000
W Motors,2016,Lykan HyperSport,Hypercars,Legendary,AE,3000000
Willys,1945,MB Jeep,Pickups & 4x4s,Common,US,40000
Wuling,2013,Sunshine S,Vans & Utility,Rare,CN,250000
Wuling,2022,Hongguang Mini EV Macaron,Hot Hatch,Rare,CN,25000
Xpeng,2020,P7,Super Saloons,Rare,CN,250000
Zenvo,2016,ST1,Hypercars,Legendary,DK,1000000
Zenvo,2019,TSR-S,Hypercars,Legendary,DK,1200000
